case_id,category,difficulty,answerable,source_hit,hit_at_1,hit_at_3,hit_at_5,first_relevant_rank,reciprocal_rank,keyword_coverage,missing_keywords,citation_count,citation_precision,expected_source_citation_hit,grounded,abstained,correct_abstention,incorrect_abstention,judge_correctness,judge_grounding,judge_relevance,judge_unsupported_claims,judge_error,retrieval_latency_ms,total_latency_ms,retrieved_chunk_ids,error,failure_reasons
eval_001,reporting_rules,beginner,True,True,True,True,True,1,1.0,1.0,,3,1.0,True,True,False,,False,,,,,,722.2,4753.7,speed_schedule_1_p2_c5; speed_schedule_1_p1_c2; speed_schedule_1_p1_c1; speed_schedule_1_p2_c3; speed_schedule_1_p3_c9,,
eval_002,reporting_rules,beginner,True,True,True,True,True,1,1.0,1.0,,1,1.0,True,True,False,,False,,,,,,483.6,2358.0,speed_schedule_1_p1_c1; speed_schedule_1_p1_c2; speed_schedule_1_p2_c3; speed_schedule_1_p4_c11; speed_schedule_1_p3_c9,,
eval_003,event_info,beginner,True,True,False,True,True,3,0.3333333333333333,0.5,Chandigarh; State,1,1.0,False,True,False,,False,,,,,,400.0,1504.0,speed_schedule_1_p1_c2; speed_schedule_1_p2_c5; speed_schedule_1_p1_c1; speed_schedule_1_p2_c4; speed_schedule_1_p4_c12,,
eval_004,schedule_dates,intermediate,True,True,True,True,True,1,1.0,1.0,,4,1.0,True,True,False,,False,,,,,,430.0,2180.0,speed_schedule_1_p1_c2; speed_schedule_1_p2_c5; speed_schedule_1_p1_c1; speed_schedule_1_p2_c4; speed_schedule_1_p3_c9,,
eval_005,race_format,beginner,True,True,False,False,True,4,0.25,0.25,1 lap; rink; RSFI,1,1.0,True,True,False,,False,,,,,,459.9,1529.7,speed_schedule_1_p2_c3; speed_schedule_1_p3_c8; speed_schedule_1_p1_c0; speed_schedule_1_p4_c11; speed_schedule_1_p3_c7,,low_keyword_coverage
eval_006,race_format,advanced,True,True,True,True,True,1,1.0,0.0,3 Lap; 200m; 600m,0,,False,,True,,True,,,,,,445.9,1731.9,speed_schedule_1_p2_c3; speed_schedule_1_p3_c8; speed_schedule_1_p4_c11; speed_schedule_1_p1_c0; speed_schedule_1_p3_c7,,low_keyword_coverage; incorrect_abstention
eval_007,race_distances,intermediate,True,True,False,False,True,4,0.25,0.3333333333333333,5:00 AM; Inline,1,1.0,True,True,False,,False,,,,,,411.3,1998.9,speed_schedule_1_p1_c2; speed_schedule_1_p2_c4; speed_schedule_1_p1_c1; speed_schedule_1_p1_c0; speed_schedule_1_p2_c3,,low_keyword_coverage
eval_008,race_distances,intermediate,True,True,False,True,True,3,0.3333333333333333,1.0,,1,1.0,True,True,False,,False,,,,,,441.8,2428.4,speed_schedule_1_p1_c0; speed_schedule_1_p2_c3; speed_schedule_1_p2_c4; speed_schedule_1_p4_c11; speed_schedule_1_p3_c7,,
eval_009,race_distances,advanced,True,True,False,False,True,5,0.2,0.75,Quad,1,1.0,True,True,False,,False,,,,,,443.3,1664.6,speed_schedule_1_p2_c3; speed_schedule_1_p3_c8; speed_schedule_1_p1_c0; speed_schedule_1_p3_c7; speed_schedule_1_p2_c4,,
eval_010,age_groups,advanced,True,True,True,True,True,1,1.0,1.0,,3,1.0,True,True,False,,False,,,,,,482.7,2536.2,speed_schedule_1_p2_c3; speed_schedule_1_p1_c0; speed_schedule_1_p2_c4; speed_schedule_1_p4_c11; speed_schedule_1_p3_c8,,
eval_011,event_types,beginner,True,True,False,True,True,2,0.5,1.0,,1,1.0,False,True,False,,False,,,,,,466.3,1674.0,speed_schedule_1_p1_c2; speed_schedule_1_p1_c1; speed_schedule_1_p3_c9; speed_schedule_1_p2_c4; speed_schedule_1_p4_c11,,
eval_012,event_types,beginner,True,True,True,True,True,1,1.0,1.0,,2,1.0,True,True,False,,False,,,,,,435.7,1733.3,speed_schedule_1_p3_c9; speed_schedule_1_p4_c12; speed_schedule_1_p2_c5; speed_schedule_1_p1_c2; speed_schedule_1_p2_c3,,
eval_013,event_types,intermediate,True,True,True,True,True,1,1.0,1.0,,1,1.0,True,True,False,,False,,,,,,447.8,1718.0,speed_schedule_1_p2_c5; speed_schedule_1_p3_c10; speed_schedule_1_p4_c12; speed_schedule_1_p3_c9; speed_schedule_1_p1_c2,,
eval_014,event_types,intermediate,True,True,False,False,True,4,0.25,1.0,,1,1.0,True,True,False,,False,,,,,,446.2,1711.6,speed_schedule_1_p2_c5; speed_schedule_1_p3_c10; speed_schedule_1_p2_c4; speed_schedule_1_p1_c2; speed_schedule_1_p3_c8,,
eval_015,reporting_rules,intermediate,True,True,True,True,True,1,1.0,0.75,RSFI,2,1.0,True,True,False,,False,,,,,,552.8,1767.1,speed_schedule_1_p2_c5; speed_schedule_1_p2_c3; speed_schedule_1_p1_c0; speed_schedule_1_p4_c11; speed_schedule_1_p3_c8,,
eval_016,race_distances,intermediate,True,True,False,False,True,5,0.2,0.8,Inline,1,1.0,True,True,False,,False,,,,,,479.2,2278.7,speed_schedule_1_p1_c0; speed_schedule_1_p2_c3; speed_schedule_1_p2_c4; speed_schedule_1_p3_c8; speed_schedule_1_p4_c11,,
eval_017,race_distances,advanced,True,True,False,False,True,5,0.2,1.0,,1,1.0,True,True,False,,False,,,,,,511.5,1785.9,speed_schedule_1_p1_c0; speed_schedule_1_p2_c3; speed_schedule_1_p2_c4; speed_schedule_1_p3_c8; speed_schedule_1_p3_c7,,
eval_018,start_times,beginner,True,True,True,True,True,1,1.0,1.0,,1,1.0,True,True,False,,False,,,,,,429.0,1875.5,speed_schedule_1_p2_c3; speed_schedule_1_p1_c0; speed_schedule_1_p4_c11; speed_schedule_1_p2_c4; speed_schedule_1_p3_c7,,
eval_019,event_info,intermediate,False,,,,,,,,,0,,,,True,True,,,,,,,397.3,1460.5,speed_schedule_1_p1_c2; speed_schedule_1_p2_c5; speed_schedule_1_p1_c1; speed_schedule_1_p2_c4; speed_schedule_1_p3_c9,,
eval_020,event_info,beginner,False,,,,,,,,,0,,,,True,True,,,,,,,434.4,1488.2,speed_schedule_1_p1_c2; speed_schedule_1_p1_c1; speed_schedule_1_p2_c3; speed_schedule_1_p2_c4; speed_schedule_1_p1_c0,,
eval_021,race_distances,intermediate,False,,,,,,,,,0,,,,True,True,,,,,,,666.9,1694.1,speed_schedule_1_p2_c4; speed_schedule_1_p3_c8; speed_schedule_1_p1_c0; speed_schedule_1_p2_c3; speed_schedule_1_p1_c1,,
eval_022,race_format,advanced,False,,,,,,,,,0,,,,True,True,,,,,,,485.9,1712.8,speed_schedule_1_p3_c7; speed_schedule_1_p3_c8; speed_schedule_1_p4_c11; speed_schedule_1_p1_c0; speed_schedule_1_p2_c3,,
eval_023,out_of_scope,beginner,False,,,,,,,,,0,,,,True,True,,,,,,,418.0,1633.3,speed_schedule_1_p4_c12; speed_schedule_1_p1_c2; speed_schedule_1_p2_c3; speed_schedule_1_p1_c1; speed_schedule_1_p2_c5,,
